Segment,Churn_Rate
Fresh (<3mo),0.5909090909090909
Inflection (3-5mo),0.4850498338870432
Pre-Inflection (5+mo),0.20631120783460283
