Segment,Churn_Rate
Fresh (<3mo),0.5909090909090909
Inflection (3-5mo),0.4777227722772277
Pre-Inflection (5+mo),0.20057880676758683
