Scenario,Count,Percentage
Family,2205,62.5531914893617
Individual,1320,37.4468085106383
