segment_type,No,Yes
Family,83.68121442125236,16.318785578747626
Individual,75.38549400342661,24.614505996573385
