Segment_Type,Churn_Rate,Survive_Rate
Family,16.318785578747626,83.68121442125236
Individual,24.614505996573385,75.38549400342661
